usertype,total_trip_duration,Average_trip_duration,Number_of_trips
Customer,221386415.63333333,35.758534584345135,6191149
Subscriber,630558004.63333333,13.439698129164368,46917572